year,week,start.date,end.date,district,cases
2023,52,2022-12-24,2022-12-30,Colombo,25
2023,52,2022-12-24,2022-12-30,Gampaha,23
2023,52,2022-12-24,2022-12-30,Kalutara,74
2023,52,2022-12-24,2022-12-30,Kandy,50
2023,52,2022-12-24,2022-12-30,Matale,25
2023,52,2022-12-24,2022-12-30,NuwaraEliya,3
2023,52,2022-12-24,2022-12-30,Galle,28
2023,52,2022-12-24,2022-12-30,Hambantota,13
2023,52,2022-12-24,2022-12-30,Matara,22
2023,52,2022-12-24,2022-12-30,Jaffna,12
2023,52,2022-12-24,2022-12-30,Kilinochchi,8
2023,52,2022-12-24,2022-12-30,Mannar,7
2023,52,2022-12-24,2022-12-30,Vavuniya,1
2023,52,2022-12-24,2022-12-30,Mullaitivu,4
2023,52,2022-12-24,2022-12-30,Batticaloa,23
2023,52,2022-12-24,2022-12-30,Ampara,3
2023,52,2022-12-24,2022-12-30,Trincomalee,23
2023,52,2022-12-24,2022-12-30,Kurunegala,51
2023,52,2022-12-24,2022-12-30,Puttalam,21
2023,52,2022-12-24,2022-12-30,Anuradhapura,9
2023,52,2022-12-24,2022-12-30,Polonnaruwa,9
2023,52,2022-12-24,2022-12-30,Badulla,29
2023,52,2022-12-24,2022-12-30,Monaragala,5
2023,52,2022-12-24,2022-12-30,Ratnapura,26
2023,52,2022-12-24,2022-12-30,Kegalle,46
2023,52,2022-12-24,2022-12-30,Kalmune,17
2023,1,2022-12-31,2023-01-06,Colombo,196
2023,1,2022-12-31,2023-01-06,Gampaha,188
2023,1,2022-12-31,2023-01-06,Kalutara,80
2023,1,2022-12-31,2023-01-06,Kandy,72
2023,1,2022-12-31,2023-01-06,Matale,38
2023,1,2022-12-31,2023-01-06,NuwaraEliya,5
2023,1,2022-12-31,2023-01-06,Galle,24
2023,1,2022-12-31,2023-01-06,Hambantota,14
2023,1,2022-12-31,2023-01-06,Matara,34
2023,1,2022-12-31,2023-01-06,Jaffna,127
2023,1,2022-12-31,2023-01-06,Kilinochchi,3
2023,1,2022-12-31,2023-01-06,Mannar,2
2023,1,2022-12-31,2023-01-06,Vavuniya,0
2023,1,2022-12-31,2023-01-06,Mullaitivu,0
2023,1,2022-12-31,2023-01-06,Batticaloa,34
2023,1,2022-12-31,2023-01-06,Ampara,6
2023,1,2022-12-31,2023-01-06,Trincomalee,19
2023,1,2022-12-31,2023-01-06,Kurunegala,56
2023,1,2022-12-31,2023-01-06,Puttalam,200
2023,1,2022-12-31,2023-01-06,Anuradhapura,7
2023,1,2022-12-31,2023-01-06,Polonnaruwa,13
2023,1,2022-12-31,2023-01-06,Badulla,55
2023,1,2022-12-31,2023-01-06,Monaragala,8
2023,1,2022-12-31,2023-01-06,Ratnapura,44
2023,1,2022-12-31,2023-01-06,Kegalle,40
2023,1,2022-12-31,2023-01-06,Kalmune,86
2023,2,2023-01-07,2023-01-13,Colombo,341
2023,2,2023-01-07,2023-01-13,Gampaha,146
2023,2,2023-01-07,2023-01-13,Kalutara,86
2023,2,2023-01-07,2023-01-13,Kandy,87
2023,2,2023-01-07,2023-01-13,Matale,38
2023,2,2023-01-07,2023-01-13,NuwaraEliya,5
2023,2,2023-01-07,2023-01-13,Galle,54
2023,2,2023-01-07,2023-01-13,Hambantota,19
2023,2,2023-01-07,2023-01-13,Matara,46
2023,2,2023-01-07,2023-01-13,Jaffna,135
2023,2,2023-01-07,2023-01-13,Kilinochchi,4
2023,2,2023-01-07,2023-01-13,Mannar,8
2023,2,2023-01-07,2023-01-13,Vavuniya,0
2023,2,2023-01-07,2023-01-13,Mullaitivu,2
2023,2,2023-01-07,2023-01-13,Batticaloa,29
2023,2,2023-01-07,2023-01-13,Ampara,7
2023,2,2023-01-07,2023-01-13,Trincomalee,31
2023,2,2023-01-07,2023-01-13,Kurunegala,75
2023,2,2023-01-07,2023-01-13,Puttalam,219
2023,2,2023-01-07,2023-01-13,Anuradhapura,16
2023,2,2023-01-07,2023-01-13,Polonnaruwa,28
2023,2,2023-01-07,2023-01-13,Badulla,37
2023,2,2023-01-07,2023-01-13,Monaragala,9
2023,2,2023-01-07,2023-01-13,Ratnapura,29
2023,2,2023-01-07,2023-01-13,Kegalle,53
2023,2,2023-01-07,2023-01-13,Kalmune,173
2023,3,2023-01-14,2023-01-20,Colombo,204
2023,3,2023-01-14,2023-01-20,Gampaha,196
2023,3,2023-01-14,2023-01-20,Kalutara,81
2023,3,2023-01-14,2023-01-20,Kandy,65
2023,3,2023-01-14,2023-01-20,Matale,25
2023,3,2023-01-14,2023-01-20,NuwaraEliya,3
2023,3,2023-01-14,2023-01-20,Galle,40
2023,3,2023-01-14,2023-01-20,Hambantota,24
2023,3,2023-01-14,2023-01-20,Matara,39
2023,3,2023-01-14,2023-01-20,Jaffna,89
2023,3,2023-01-14,2023-01-20,Kilinochchi,6
2023,3,2023-01-14,2023-01-20,Mannar,4
2023,3,2023-01-14,2023-01-20,Vavuniya,4
2023,3,2023-01-14,2023-01-20,Mullaitivu,1
2023,3,2023-01-14,2023-01-20,Batticaloa,41
2023,3,2023-01-14,2023-01-20,Ampara,8
2023,3,2023-01-14,2023-01-20,Trincomalee,41
2023,3,2023-01-14,2023-01-20,Kurunegala,79
2023,3,2023-01-14,2023-01-20,Puttalam,212
2023,3,2023-01-14,2023-01-20,Anuradhapura,15
2023,3,2023-01-14,2023-01-20,Polonnaruwa,22
2023,3,2023-01-14,2023-01-20,Badulla,26
2023,3,2023-01-14,2023-01-20,Monaragala,6
2023,3,2023-01-14,2023-01-20,Ratnapura,45
2023,3,2023-01-14,2023-01-20,Kegalle,51
2023,3,2023-01-14,2023-01-20,Kalmune,138
2023,4,2023-01-21,2023-01-27,Colombo,279
2023,4,2023-01-21,2023-01-27,Gampaha,218
2023,4,2023-01-21,2023-01-27,Kalutara,94
2023,4,2023-01-21,2023-01-27,Kandy,72
2023,4,2023-01-21,2023-01-27,Matale,22
2023,4,2023-01-21,2023-01-27,NuwaraEliya,3
2023,4,2023-01-21,2023-01-27,Galle,48
2023,4,2023-01-21,2023-01-27,Hambantota,22
2023,4,2023-01-21,2023-01-27,Matara,34
2023,4,2023-01-21,2023-01-27,Jaffna,70
2023,4,2023-01-21,2023-01-27,Kilinochchi,0
2023,4,2023-01-21,2023-01-27,Mannar,2
2023,4,2023-01-21,2023-01-27,Vavuniya,1
2023,4,2023-01-21,2023-01-27,Mullaitivu,1
2023,4,2023-01-21,2023-01-27,Batticaloa,38
2023,4,2023-01-21,2023-01-27,Ampara,1
2023,4,2023-01-21,2023-01-27,Trincomalee,34
2023,4,2023-01-21,2023-01-27,Kurunegala,51
2023,4,2023-01-21,2023-01-27,Puttalam,117
2023,4,2023-01-21,2023-01-27,Anuradhapura,15
2023,4,2023-01-21,2023-01-27,Polonnaruwa,11
2023,4,2023-01-21,2023-01-27,Badulla,38
2023,4,2023-01-21,2023-01-27,Monaragala,8
2023,4,2023-01-21,2023-01-27,Ratnapura,20
2023,4,2023-01-21,2023-01-27,Kegalle,43
2023,4,2023-01-21,2023-01-27,Kalmune,108
2023,5,2023-01-28,2023-02-03,Colombo,247
2023,5,2023-01-28,2023-02-03,Gampaha,154
2023,5,2023-01-28,2023-02-03,Kalutara,105
2023,5,2023-01-28,2023-02-03,Kandy,85
2023,5,2023-01-28,2023-02-03,Matale,19
2023,5,2023-01-28,2023-02-03,NuwaraEliya,3
2023,5,2023-01-28,2023-02-03,Galle,58
2023,5,2023-01-28,2023-02-03,Hambantota,17
2023,5,2023-01-28,2023-02-03,Matara,20
2023,5,2023-01-28,2023-02-03,Jaffna,63
2023,5,2023-01-28,2023-02-03,Kilinochchi,7
2023,5,2023-01-28,2023-02-03,Mannar,0
2023,5,2023-01-28,2023-02-03,Vavuniya,0
2023,5,2023-01-28,2023-02-03,Mullaitivu,1
2023,5,2023-01-28,2023-02-03,Batticaloa,40
2023,5,2023-01-28,2023-02-03,Ampara,1
2023,5,2023-01-28,2023-02-03,Trincomalee,22
2023,5,2023-01-28,2023-02-03,Kurunegala,67
2023,5,2023-01-28,2023-02-03,Puttalam,190
2023,5,2023-01-28,2023-02-03,Anuradhapura,7
2023,5,2023-01-28,2023-02-03,Polonnaruwa,18
2023,5,2023-01-28,2023-02-03,Badulla,43
2023,5,2023-01-28,2023-02-03,Monaragala,9
2023,5,2023-01-28,2023-02-03,Ratnapura,49
2023,5,2023-01-28,2023-02-03,Kegalle,30
2023,5,2023-01-28,2023-02-03,Kalmune,60
2023,6,2023-02-04,2023-02-10,Colombo,222
2023,6,2023-02-04,2023-02-10,Gampaha,172
2023,6,2023-02-04,2023-02-10,Kalutara,84
2023,6,2023-02-04,2023-02-10,Kandy,75
2023,6,2023-02-04,2023-02-10,Matale,20
2023,6,2023-02-04,2023-02-10,NuwaraEliya,5
2023,6,2023-02-04,2023-02-10,Galle,49
2023,6,2023-02-04,2023-02-10,Hambantota,29
2023,6,2023-02-04,2023-02-10,Matara,49
2023,6,2023-02-04,2023-02-10,Jaffna,46
2023,6,2023-02-04,2023-02-10,Kilinochchi,3
2023,6,2023-02-04,2023-02-10,Mannar,0
2023,6,2023-02-04,2023-02-10,Vavuniya,0
2023,6,2023-02-04,2023-02-10,Mullaitivu,0
2023,6,2023-02-04,2023-02-10,Batticaloa,62
2023,6,2023-02-04,2023-02-10,Ampara,7
2023,6,2023-02-04,2023-02-10,Trincomalee,35
2023,6,2023-02-04,2023-02-10,Kurunegala,50
2023,6,2023-02-04,2023-02-10,Puttalam,118
2023,6,2023-02-04,2023-02-10,Anuradhapura,9
2023,6,2023-02-04,2023-02-10,Polonnaruwa,16
2023,6,2023-02-04,2023-02-10,Badulla,38
2023,6,2023-02-04,2023-02-10,Monaragala,8
2023,6,2023-02-04,2023-02-10,Ratnapura,60
2023,6,2023-02-04,2023-02-10,Kegalle,45
2023,6,2023-02-04,2023-02-10,Kalmune,89
2023,7,2023-02-11,2023-02-17,Colombo,160
2023,7,2023-02-11,2023-02-17,Gampaha,179
2023,7,2023-02-11,2023-02-17,Kalutara,46
2023,7,2023-02-11,2023-02-17,Kandy,53
2023,7,2023-02-11,2023-02-17,Matale,21
2023,7,2023-02-11,2023-02-17,NuwaraEliya,4
2023,7,2023-02-11,2023-02-17,Galle,35
2023,7,2023-02-11,2023-02-17,Hambantota,20
2023,7,2023-02-11,2023-02-17,Matara,38
2023,7,2023-02-11,2023-02-17,Jaffna,39
2023,7,2023-02-11,2023-02-17,Kilinochchi,2
2023,7,2023-02-11,2023-02-17,Mannar,0
2023,7,2023-02-11,2023-02-17,Vavuniya,0
2023,7,2023-02-11,2023-02-17,Mullaitivu,0
2023,7,2023-02-11,2023-02-17,Batticaloa,41
2023,7,2023-02-11,2023-02-17,Ampara,1
2023,7,2023-02-11,2023-02-17,Trincomalee,68
2023,7,2023-02-11,2023-02-17,Kurunegala,32
2023,7,2023-02-11,2023-02-17,Puttalam,133
2023,7,2023-02-11,2023-02-17,Anuradhapura,11
2023,7,2023-02-11,2023-02-17,Polonnaruwa,9
2023,7,2023-02-11,2023-02-17,Badulla,35
2023,7,2023-02-11,2023-02-17,Monaragala,13
2023,7,2023-02-11,2023-02-17,Ratnapura,37
2023,7,2023-02-11,2023-02-17,Kegalle,52
2023,7,2023-02-11,2023-02-17,Kalmune,54
2023,8,2023-02-18,2023-02-24,Colombo,265
2023,8,2023-02-18,2023-02-24,Gampaha,162
2023,8,2023-02-18,2023-02-24,Kalutara,28
2023,8,2023-02-18,2023-02-24,Kandy,47
2023,8,2023-02-18,2023-02-24,Matale,25
2023,8,2023-02-18,2023-02-24,NuwaraEliya,4
2023,8,2023-02-18,2023-02-24,Galle,30
2023,8,2023-02-18,2023-02-24,Hambantota,31
2023,8,2023-02-18,2023-02-24,Matara,30
2023,8,2023-02-18,2023-02-24,Jaffna,44
2023,8,2023-02-18,2023-02-24,Kilinochchi,0
2023,8,2023-02-18,2023-02-24,Mannar,2
2023,8,2023-02-18,2023-02-24,Vavuniya,0
2023,8,2023-02-18,2023-02-24,Mullaitivu,3
2023,8,2023-02-18,2023-02-24,Batticaloa,58
2023,8,2023-02-18,2023-02-24,Ampara,6
2023,8,2023-02-18,2023-02-24,Trincomalee,29
2023,8,2023-02-18,2023-02-24,Kurunegala,40
2023,8,2023-02-18,2023-02-24,Puttalam,154
2023,8,2023-02-18,2023-02-24,Anuradhapura,8
2023,8,2023-02-18,2023-02-24,Polonnaruwa,17
2023,8,2023-02-18,2023-02-24,Badulla,16
2023,8,2023-02-18,2023-02-24,Monaragala,5
2023,8,2023-02-18,2023-02-24,Ratnapura,50
2023,8,2023-02-18,2023-02-24,Kegalle,49
2023,8,2023-02-18,2023-02-24,Kalmune,36
2023,9,2023-02-25,2023-03-03,Colombo,244
2023,9,2023-02-25,2023-03-03,Gampaha,203
2023,9,2023-02-25,2023-03-03,Kalutara,62
2023,9,2023-02-25,2023-03-03,Kandy,59
2023,9,2023-02-25,2023-03-03,Matale,17
2023,9,2023-02-25,2023-03-03,NuwaraEliya,6
2023,9,2023-02-25,2023-03-03,Galle,32
2023,9,2023-02-25,2023-03-03,Hambantota,24
2023,9,2023-02-25,2023-03-03,Matara,42
2023,9,2023-02-25,2023-03-03,Jaffna,33
2023,9,2023-02-25,2023-03-03,Kilinochchi,4
2023,9,2023-02-25,2023-03-03,Mannar,0
2023,9,2023-02-25,2023-03-03,Vavuniya,9
2023,9,2023-02-25,2023-03-03,Mullaitivu,0
2023,9,2023-02-25,2023-03-03,Batticaloa,45
2023,9,2023-02-25,2023-03-03,Ampara,0
2023,9,2023-02-25,2023-03-03,Trincomalee,74
2023,9,2023-02-25,2023-03-03,Kurunegala,39
2023,9,2023-02-25,2023-03-03,Puttalam,79
2023,9,2023-02-25,2023-03-03,Anuradhapura,2
2023,9,2023-02-25,2023-03-03,Polonnaruwa,16
2023,9,2023-02-25,2023-03-03,Badulla,29
2023,9,2023-02-25,2023-03-03,Monaragala,13
2023,9,2023-02-25,2023-03-03,Ratnapura,53
2023,9,2023-02-25,2023-03-03,Kegalle,44
2023,9,2023-02-25,2023-03-03,Kalmune,58
2023,10,2023-03-04,2023-03-10,Colombo,234
2023,10,2023-03-04,2023-03-10,Gampaha,153
2023,10,2023-03-04,2023-03-10,Kalutara,47
2023,10,2023-03-04,2023-03-10,Kandy,54
2023,10,2023-03-04,2023-03-10,Matale,11
2023,10,2023-03-04,2023-03-10,NuwaraEliya,3
2023,10,2023-03-04,2023-03-10,Galle,41
2023,10,2023-03-04,2023-03-10,Hambantota,28
2023,10,2023-03-04,2023-03-10,Matara,36
2023,10,2023-03-04,2023-03-10,Jaffna,69
2023,10,2023-03-04,2023-03-10,Kilinochchi,2
2023,10,2023-03-04,2023-03-10,Mannar,1
2023,10,2023-03-04,2023-03-10,Vavuniya,5
2023,10,2023-03-04,2023-03-10,Mullaitivu,2
2023,10,2023-03-04,2023-03-10,Batticaloa,66
2023,10,2023-03-04,2023-03-10,Ampara,0
2023,10,2023-03-04,2023-03-10,Trincomalee,51
2023,10,2023-03-04,2023-03-10,Kurunegala,38
2023,10,2023-03-04,2023-03-10,Puttalam,43
2023,10,2023-03-04,2023-03-10,Anuradhapura,13
2023,10,2023-03-04,2023-03-10,Polonnaruwa,14
2023,10,2023-03-04,2023-03-10,Badulla,22
2023,10,2023-03-04,2023-03-10,Monaragala,2
2023,10,2023-03-04,2023-03-10,Ratnapura,41
2023,10,2023-03-04,2023-03-10,Kegalle,48
2023,10,2023-03-04,2023-03-10,Kalmune,33
2023,11,2023-03-11,2023-03-17,Colombo,161
2023,11,2023-03-11,2023-03-17,Gampaha,136
2023,11,2023-03-11,2023-03-17,Kalutara,49
2023,11,2023-03-11,2023-03-17,Kandy,71
2023,11,2023-03-11,2023-03-17,Matale,21
2023,11,2023-03-11,2023-03-17,NuwaraEliya,1
2023,11,2023-03-11,2023-03-17,Galle,46
2023,11,2023-03-11,2023-03-17,Hambantota,22
2023,11,2023-03-11,2023-03-17,Matara,35
2023,11,2023-03-11,2023-03-17,Jaffna,48
2023,11,2023-03-11,2023-03-17,Kilinochchi,3
2023,11,2023-03-11,2023-03-17,Mannar,0
2023,11,2023-03-11,2023-03-17,Vavuniya,11
2023,11,2023-03-11,2023-03-17,Mullaitivu,1
2023,11,2023-03-11,2023-03-17,Batticaloa,53
2023,11,2023-03-11,2023-03-17,Ampara,0
2023,11,2023-03-11,2023-03-17,Trincomalee,41
2023,11,2023-03-11,2023-03-17,Kurunegala,53
2023,11,2023-03-11,2023-03-17,Puttalam,61
2023,11,2023-03-11,2023-03-17,Anuradhapura,15
2023,11,2023-03-11,2023-03-17,Polonnaruwa,4
2023,11,2023-03-11,2023-03-17,Badulla,24
2023,11,2023-03-11,2023-03-17,Monaragala,3
2023,11,2023-03-11,2023-03-17,Ratnapura,37
2023,11,2023-03-11,2023-03-17,Kegalle,31
2023,11,2023-03-11,2023-03-17,Kalmune,31
2023,12,2023-03-18,2023-03-24,Colombo,241
2023,12,2023-03-18,2023-03-24,Gampaha,137
2023,12,2023-03-18,2023-03-24,Kalutara,28
2023,12,2023-03-18,2023-03-24,Kandy,80
2023,12,2023-03-18,2023-03-24,Matale,33
2023,12,2023-03-18,2023-03-24,NuwaraEliya,NA
2023,12,2023-03-18,2023-03-24,Galle,35
2023,12,2023-03-18,2023-03-24,Hambantota,20
2023,12,2023-03-18,2023-03-24,Matara,40
2023,12,2023-03-18,2023-03-24,Jaffna,55
2023,12,2023-03-18,2023-03-24,Kilinochchi,NA
2023,12,2023-03-18,2023-03-24,Mannar,NA
2023,12,2023-03-18,2023-03-24,Vavuniya,NA
2023,12,2023-03-18,2023-03-24,Mullaitivu,NA
2023,12,2023-03-18,2023-03-24,Batticaloa,82
2023,12,2023-03-18,2023-03-24,Ampara,NA
2023,12,2023-03-18,2023-03-24,Trincomalee,86
2023,12,2023-03-18,2023-03-24,Kurunegala,51
2023,12,2023-03-18,2023-03-24,Puttalam,53
2023,12,2023-03-18,2023-03-24,Anuradhapura,NA
2023,12,2023-03-18,2023-03-24,Polonnaruwa,13
2023,12,2023-03-18,2023-03-24,Badulla,18
2023,12,2023-03-18,2023-03-24,Monaragala,NA
2023,12,2023-03-18,2023-03-24,Ratnapura,55
2023,12,2023-03-18,2023-03-24,Kegalle,60
2023,12,2023-03-18,2023-03-24,Kalmune,25
2023,13,2023-03-25,2023-03-31,Colombo,180
2023,13,2023-03-25,2023-03-31,Gampaha,227
2023,13,2023-03-25,2023-03-31,Kalutara,54
2023,13,2023-03-25,2023-03-31,Kandy,112
2023,13,2023-03-25,2023-03-31,Matale,49
2023,13,2023-03-25,2023-03-31,NuwaraEliya,4
2023,13,2023-03-25,2023-03-31,Galle,42
2023,13,2023-03-25,2023-03-31,Hambantota,33
2023,13,2023-03-25,2023-03-31,Matara,30
2023,13,2023-03-25,2023-03-31,Jaffna,58
2023,13,2023-03-25,2023-03-31,Kilinochchi,3
2023,13,2023-03-25,2023-03-31,Mannar,4
2023,13,2023-03-25,2023-03-31,Vavuniya,8
2023,13,2023-03-25,2023-03-31,Mullaitivu,0
2023,13,2023-03-25,2023-03-31,Batticaloa,62
2023,13,2023-03-25,2023-03-31,Ampara,0
2023,13,2023-03-25,2023-03-31,Trincomalee,108
2023,13,2023-03-25,2023-03-31,Kurunegala,39
2023,13,2023-03-25,2023-03-31,Puttalam,20
2023,13,2023-03-25,2023-03-31,Anuradhapura,3
2023,13,2023-03-25,2023-03-31,Polonnaruwa,4
2023,13,2023-03-25,2023-03-31,Badulla,26
2023,13,2023-03-25,2023-03-31,Monaragala,13
2023,13,2023-03-25,2023-03-31,Ratnapura,42
2023,13,2023-03-25,2023-03-31,Kegalle,49
2023,13,2023-03-25,2023-03-31,Kalmune,41
2023,14,2023-04-01,2023-04-07,Colombo,154
2023,14,2023-04-01,2023-04-07,Gampaha,124
2023,14,2023-04-01,2023-04-07,Kalutara,48
2023,14,2023-04-01,2023-04-07,Kandy,98
2023,14,2023-04-01,2023-04-07,Matale,34
2023,14,2023-04-01,2023-04-07,NuwaraEliya,3
2023,14,2023-04-01,2023-04-07,Galle,31
2023,14,2023-04-01,2023-04-07,Hambantota,29
2023,14,2023-04-01,2023-04-07,Matara,30
2023,14,2023-04-01,2023-04-07,Jaffna,64
2023,14,2023-04-01,2023-04-07,Kilinochchi,1
2023,14,2023-04-01,2023-04-07,Mannar,2
2023,14,2023-04-01,2023-04-07,Vavuniya,3
2023,14,2023-04-01,2023-04-07,Mullaitivu,3
2023,14,2023-04-01,2023-04-07,Batticaloa,93
2023,14,2023-04-01,2023-04-07,Ampara,0
2023,14,2023-04-01,2023-04-07,Trincomalee,118
2023,14,2023-04-01,2023-04-07,Kurunegala,30
2023,14,2023-04-01,2023-04-07,Puttalam,24
2023,14,2023-04-01,2023-04-07,Anuradhapura,10
2023,14,2023-04-01,2023-04-07,Polonnaruwa,4
2023,14,2023-04-01,2023-04-07,Badulla,9
2023,14,2023-04-01,2023-04-07,Monaragala,8
2023,14,2023-04-01,2023-04-07,Ratnapura,22
2023,14,2023-04-01,2023-04-07,Kegalle,48
2023,14,2023-04-01,2023-04-07,Kalmune,47
2023,15,2023-04-08,2023-04-14,Colombo,261
2023,15,2023-04-08,2023-04-14,Gampaha,115
2023,15,2023-04-08,2023-04-14,Kalutara,95
2023,15,2023-04-08,2023-04-14,Kandy,91
2023,15,2023-04-08,2023-04-14,Matale,33
2023,15,2023-04-08,2023-04-14,NuwaraEliya,2
2023,15,2023-04-08,2023-04-14,Galle,50
2023,15,2023-04-08,2023-04-14,Hambantota,27
2023,15,2023-04-08,2023-04-14,Matara,31
2023,15,2023-04-08,2023-04-14,Jaffna,48
2023,15,2023-04-08,2023-04-14,Kilinochchi,1
2023,15,2023-04-08,2023-04-14,Mannar,1
2023,15,2023-04-08,2023-04-14,Vavuniya,6
2023,15,2023-04-08,2023-04-14,Mullaitivu,1
2023,15,2023-04-08,2023-04-14,Batticaloa,128
2023,15,2023-04-08,2023-04-14,Ampara,0
2023,15,2023-04-08,2023-04-14,Trincomalee,81
2023,15,2023-04-08,2023-04-14,Kurunegala,35
2023,15,2023-04-08,2023-04-14,Puttalam,22
2023,15,2023-04-08,2023-04-14,Anuradhapura,6
2023,15,2023-04-08,2023-04-14,Polonnaruwa,13
2023,15,2023-04-08,2023-04-14,Badulla,10
2023,15,2023-04-08,2023-04-14,Monaragala,7
2023,15,2023-04-08,2023-04-14,Ratnapura,44
2023,15,2023-04-08,2023-04-14,Kegalle,46
2023,15,2023-04-08,2023-04-14,Kalmune,16
2023,16,2023-04-15,2023-04-21,Colombo,297
2023,16,2023-04-15,2023-04-21,Gampaha,35
2023,16,2023-04-15,2023-04-21,Kalutara,124
2023,16,2023-04-15,2023-04-21,Kandy,101
2023,16,2023-04-15,2023-04-21,Matale,40
2023,16,2023-04-15,2023-04-21,NuwaraEliya,3
2023,16,2023-04-15,2023-04-21,Galle,70
2023,16,2023-04-15,2023-04-21,Hambantota,69
2023,16,2023-04-15,2023-04-21,Matara,31
2023,16,2023-04-15,2023-04-21,Jaffna,53
2023,16,2023-04-15,2023-04-21,Kilinochchi,2
2023,16,2023-04-15,2023-04-21,Mannar,3
2023,16,2023-04-15,2023-04-21,Vavuniya,1
2023,16,2023-04-15,2023-04-21,Mullaitivu,4
2023,16,2023-04-15,2023-04-21,Batticaloa,114
2023,16,2023-04-15,2023-04-21,Ampara,1
2023,16,2023-04-15,2023-04-21,Trincomalee,156
2023,16,2023-04-15,2023-04-21,Kurunegala,59
2023,16,2023-04-15,2023-04-21,Puttalam,30
2023,16,2023-04-15,2023-04-21,Anuradhapura,7
2023,16,2023-04-15,2023-04-21,Polonnaruwa,52
2023,16,2023-04-15,2023-04-21,Badulla,16
2023,16,2023-04-15,2023-04-21,Monaragala,23
2023,16,2023-04-15,2023-04-21,Ratnapura,37
2023,16,2023-04-15,2023-04-21,Kegalle,45
2023,16,2023-04-15,2023-04-21,Kalmune,70
2023,17,2023-04-22,2023-04-28,Colombo,271
2023,17,2023-04-22,2023-04-28,Gampaha,123
2023,17,2023-04-22,2023-04-28,Kalutara,90
2023,17,2023-04-22,2023-04-28,Kandy,126
2023,17,2023-04-22,2023-04-28,Matale,30
2023,17,2023-04-22,2023-04-28,NuwaraEliya,3
2023,17,2023-04-22,2023-04-28,Galle,49
2023,17,2023-04-22,2023-04-28,Hambantota,44
2023,17,2023-04-22,2023-04-28,Matara,43
2023,17,2023-04-22,2023-04-28,Jaffna,74
2023,17,2023-04-22,2023-04-28,Kilinochchi,2
2023,17,2023-04-22,2023-04-28,Mannar,4
2023,17,2023-04-22,2023-04-28,Vavuniya,7
2023,17,2023-04-22,2023-04-28,Mullaitivu,6
2023,17,2023-04-22,2023-04-28,Batticaloa,114
2023,17,2023-04-22,2023-04-28,Ampara,0
2023,17,2023-04-22,2023-04-28,Trincomalee,122
2023,17,2023-04-22,2023-04-28,Kurunegala,54
2023,17,2023-04-22,2023-04-28,Puttalam,0
2023,17,2023-04-22,2023-04-28,Anuradhapura,0
2023,17,2023-04-22,2023-04-28,Polonnaruwa,0
2023,17,2023-04-22,2023-04-28,Badulla,0
2023,17,2023-04-22,2023-04-28,Monaragala,0
2023,17,2023-04-22,2023-04-28,Ratnapura,0
2023,17,2023-04-22,2023-04-28,Kegalle,0
2023,17,2023-04-22,2023-04-28,Kalmune,36
2023,18,2023-04-29,2023-05-05,Colombo,266
2023,18,2023-04-29,2023-05-05,Gampaha,132
2023,18,2023-04-29,2023-05-05,Kalutara,NA
2023,18,2023-04-29,2023-05-05,Kandy,103
2023,18,2023-04-29,2023-05-05,Matale,NA
2023,18,2023-04-29,2023-05-05,NuwaraEliya,NA
2023,18,2023-04-29,2023-05-05,Galle,NA
2023,18,2023-04-29,2023-05-05,Hambantota,NA
2023,18,2023-04-29,2023-05-05,Matara,NA
2023,18,2023-04-29,2023-05-05,Jaffna,NA
2023,18,2023-04-29,2023-05-05,Kilinochchi,NA
2023,18,2023-04-29,2023-05-05,Mannar,NA
2023,18,2023-04-29,2023-05-05,Vavuniya,NA
2023,18,2023-04-29,2023-05-05,Mullaitivu,NA
2023,18,2023-04-29,2023-05-05,Batticaloa,102
2023,18,2023-04-29,2023-05-05,Ampara,NA
2023,18,2023-04-29,2023-05-05,Trincomalee,101
2023,18,2023-04-29,2023-05-05,Kurunegala,NA
2023,18,2023-04-29,2023-05-05,Puttalam,NA
2023,18,2023-04-29,2023-05-05,Anuradhapura,NA
2023,18,2023-04-29,2023-05-05,Polonnaruwa,NA
2023,18,2023-04-29,2023-05-05,Badulla,NA
2023,18,2023-04-29,2023-05-05,Monaragala,NA
2023,18,2023-04-29,2023-05-05,Ratnapura,NA
2023,18,2023-04-29,2023-05-05,Kegalle,NA
2023,18,2023-04-29,2023-05-05,Kalmune,NA
2023,19,2023-05-06,2023-05-12,Colombo,362
2023,19,2023-05-06,2023-05-12,Gampaha,217
2023,19,2023-05-06,2023-05-12,Kalutara,99
2023,19,2023-05-06,2023-05-12,Kandy,196
2023,19,2023-05-06,2023-05-12,Matale,34
2023,19,2023-05-06,2023-05-12,NuwaraEliya,13
2023,19,2023-05-06,2023-05-12,Galle,62
2023,19,2023-05-06,2023-05-12,Hambantota,35
2023,19,2023-05-06,2023-05-12,Matara,31
2023,19,2023-05-06,2023-05-12,Jaffna,48
2023,19,2023-05-06,2023-05-12,Kilinochchi,2
2023,19,2023-05-06,2023-05-12,Mannar,3
2023,19,2023-05-06,2023-05-12,Vavuniya,6
2023,19,2023-05-06,2023-05-12,Mullaitivu,2
2023,19,2023-05-06,2023-05-12,Batticaloa,93
2023,19,2023-05-06,2023-05-12,Ampara,0
2023,19,2023-05-06,2023-05-12,Trincomalee,75
2023,19,2023-05-06,2023-05-12,Kurunegala,51
2023,19,2023-05-06,2023-05-12,Puttalam,25
2023,19,2023-05-06,2023-05-12,Anuradhapura,16
2023,19,2023-05-06,2023-05-12,Polonnaruwa,18
2023,19,2023-05-06,2023-05-12,Badulla,26
2023,19,2023-05-06,2023-05-12,Monaragala,31
2023,19,2023-05-06,2023-05-12,Ratnapura,60
2023,19,2023-05-06,2023-05-12,Kegalle,97
2023,19,2023-05-06,2023-05-12,Kalmune,51
2023,20,2023-05-13,2023-05-19,Colombo,230
2023,20,2023-05-13,2023-05-19,Gampaha,165
2023,20,2023-05-13,2023-05-19,Kalutara,90
2023,20,2023-05-13,2023-05-19,Kandy,211
2023,20,2023-05-13,2023-05-19,Matale,29
2023,20,2023-05-13,2023-05-19,NuwaraEliya,6
2023,20,2023-05-13,2023-05-19,Galle,69
2023,20,2023-05-13,2023-05-19,Hambantota,48
2023,20,2023-05-13,2023-05-19,Matara,35
2023,20,2023-05-13,2023-05-19,Jaffna,52
2023,20,2023-05-13,2023-05-19,Kilinochchi,1
2023,20,2023-05-13,2023-05-19,Mannar,5
2023,20,2023-05-13,2023-05-19,Vavuniya,6
2023,20,2023-05-13,2023-05-19,Mullaitivu,3
2023,20,2023-05-13,2023-05-19,Batticaloa,61
2023,20,2023-05-13,2023-05-19,Ampara,2
2023,20,2023-05-13,2023-05-19,Trincomalee,91
2023,20,2023-05-13,2023-05-19,Kurunegala,76
2023,20,2023-05-13,2023-05-19,Puttalam,36
2023,20,2023-05-13,2023-05-19,Anuradhapura,19
2023,20,2023-05-13,2023-05-19,Polonnaruwa,19
2023,20,2023-05-13,2023-05-19,Badulla,17
2023,20,2023-05-13,2023-05-19,Monaragala,17
2023,20,2023-05-13,2023-05-19,Ratnapura,54
2023,20,2023-05-13,2023-05-19,Kegalle,72
2023,20,2023-05-13,2023-05-19,Kalmune,24
2023,21,2023-05-20,2023-05-26,Colombo,328
2023,21,2023-05-20,2023-05-26,Gampaha,104
2023,21,2023-05-20,2023-05-26,Kalutara,165
2023,21,2023-05-20,2023-05-26,Kandy,236
2023,21,2023-05-20,2023-05-26,Matale,37
2023,21,2023-05-20,2023-05-26,NuwaraEliya,10
2023,21,2023-05-20,2023-05-26,Galle,57
2023,21,2023-05-20,2023-05-26,Hambantota,44
2023,21,2023-05-20,2023-05-26,Matara,49
2023,21,2023-05-20,2023-05-26,Jaffna,58
2023,21,2023-05-20,2023-05-26,Kilinochchi,2
2023,21,2023-05-20,2023-05-26,Mannar,7
2023,21,2023-05-20,2023-05-26,Vavuniya,6
2023,21,2023-05-20,2023-05-26,Mullaitivu,1
2023,21,2023-05-20,2023-05-26,Batticaloa,70
2023,21,2023-05-20,2023-05-26,Ampara,0
2023,21,2023-05-20,2023-05-26,Trincomalee,38
2023,21,2023-05-20,2023-05-26,Kurunegala,72
2023,21,2023-05-20,2023-05-26,Puttalam,45
2023,21,2023-05-20,2023-05-26,Anuradhapura,29
2023,21,2023-05-20,2023-05-26,Polonnaruwa,28
2023,21,2023-05-20,2023-05-26,Badulla,16
2023,21,2023-05-20,2023-05-26,Monaragala,21
2023,21,2023-05-20,2023-05-26,Ratnapura,61
2023,21,2023-05-20,2023-05-26,Kegalle,68
2023,21,2023-05-20,2023-05-26,Kalmune,32
2023,22,2023-05-27,2023-06-02,Colombo,546
2023,22,2023-05-27,2023-06-02,Gampaha,345
2023,22,2023-05-27,2023-06-02,Kalutara,239
2023,22,2023-05-27,2023-06-02,Kandy,237
2023,22,2023-05-27,2023-06-02,Matale,44
2023,22,2023-05-27,2023-06-02,NuwaraEliya,13
2023,22,2023-05-27,2023-06-02,Galle,92
2023,22,2023-05-27,2023-06-02,Hambantota,41
2023,22,2023-05-27,2023-06-02,Matara,65
2023,22,2023-05-27,2023-06-02,Jaffna,44
2023,22,2023-05-27,2023-06-02,Kilinochchi,2
2023,22,2023-05-27,2023-06-02,Mannar,1
2023,22,2023-05-27,2023-06-02,Vavuniya,3
2023,22,2023-05-27,2023-06-02,Mullaitivu,11
2023,22,2023-05-27,2023-06-02,Batticaloa,79
2023,22,2023-05-27,2023-06-02,Ampara,0
2023,22,2023-05-27,2023-06-02,Trincomalee,82
2023,22,2023-05-27,2023-06-02,Kurunegala,82
2023,22,2023-05-27,2023-06-02,Puttalam,46
2023,22,2023-05-27,2023-06-02,Anuradhapura,47
2023,22,2023-05-27,2023-06-02,Polonnaruwa,22
2023,22,2023-05-27,2023-06-02,Badulla,21
2023,22,2023-05-27,2023-06-02,Monaragala,12
2023,22,2023-05-27,2023-06-02,Ratnapura,65
2023,22,2023-05-27,2023-06-02,Kegalle,99
2023,22,2023-05-27,2023-06-02,Kalmune,23
2023,23,2023-06-03,2023-06-09,Colombo,412
2023,23,2023-06-03,2023-06-09,Gampaha,351
2023,23,2023-06-03,2023-06-09,Kalutara,192
2023,23,2023-06-03,2023-06-09,Kandy,263
2023,23,2023-06-03,2023-06-09,Matale,43
2023,23,2023-06-03,2023-06-09,NuwaraEliya,7
2023,23,2023-06-03,2023-06-09,Galle,69
2023,23,2023-06-03,2023-06-09,Hambantota,82
2023,23,2023-06-03,2023-06-09,Matara,48
2023,23,2023-06-03,2023-06-09,Jaffna,51
2023,23,2023-06-03,2023-06-09,Kilinochchi,2
2023,23,2023-06-03,2023-06-09,Mannar,4
2023,23,2023-06-03,2023-06-09,Vavuniya,5
2023,23,2023-06-03,2023-06-09,Mullaitivu,4
2023,23,2023-06-03,2023-06-09,Batticaloa,74
2023,23,2023-06-03,2023-06-09,Ampara,0
2023,23,2023-06-03,2023-06-09,Trincomalee,77
2023,23,2023-06-03,2023-06-09,Kurunegala,123
2023,23,2023-06-03,2023-06-09,Puttalam,53
2023,23,2023-06-03,2023-06-09,Anuradhapura,48
2023,23,2023-06-03,2023-06-09,Polonnaruwa,13
2023,23,2023-06-03,2023-06-09,Badulla,17
2023,23,2023-06-03,2023-06-09,Monaragala,24
2023,23,2023-06-03,2023-06-09,Ratnapura,82
2023,23,2023-06-03,2023-06-09,Kegalle,91
2023,23,2023-06-03,2023-06-09,Kalmune,29
2023,24,2023-06-10,2023-06-16,Colombo,579
2023,24,2023-06-10,2023-06-16,Gampaha,433
2023,24,2023-06-10,2023-06-16,Kalutara,190
2023,24,2023-06-10,2023-06-16,Kandy,278
2023,24,2023-06-10,2023-06-16,Matale,40
2023,24,2023-06-10,2023-06-16,NuwaraEliya,10
2023,24,2023-06-10,2023-06-16,Galle,76
2023,24,2023-06-10,2023-06-16,Hambantota,76
2023,24,2023-06-10,2023-06-16,Matara,65
2023,24,2023-06-10,2023-06-16,Jaffna,57
2023,24,2023-06-10,2023-06-16,Kilinochchi,1
2023,24,2023-06-10,2023-06-16,Mannar,2
2023,24,2023-06-10,2023-06-16,Vavuniya,4
2023,24,2023-06-10,2023-06-16,Mullaitivu,6
2023,24,2023-06-10,2023-06-16,Batticaloa,90
2023,24,2023-06-10,2023-06-16,Ampara,0
2023,24,2023-06-10,2023-06-16,Trincomalee,70
2023,24,2023-06-10,2023-06-16,Kurunegala,127
2023,24,2023-06-10,2023-06-16,Puttalam,45
2023,24,2023-06-10,2023-06-16,Anuradhapura,45
2023,24,2023-06-10,2023-06-16,Polonnaruwa,33
2023,24,2023-06-10,2023-06-16,Badulla,28
2023,24,2023-06-10,2023-06-16,Monaragala,21
2023,24,2023-06-10,2023-06-16,Ratnapura,94
2023,24,2023-06-10,2023-06-16,Kegalle,128
2023,24,2023-06-10,2023-06-16,Kalmune,32
2023,25,2023-06-17,2023-06-23,Colombo,373
2023,25,2023-06-17,2023-06-23,Gampaha,412
2023,25,2023-06-17,2023-06-23,Kalutara,161
2023,25,2023-06-17,2023-06-23,Kandy,277
2023,25,2023-06-17,2023-06-23,Matale,49
2023,25,2023-06-17,2023-06-23,NuwaraEliya,7
2023,25,2023-06-17,2023-06-23,Galle,85
2023,25,2023-06-17,2023-06-23,Hambantota,53
2023,25,2023-06-17,2023-06-23,Matara,71
2023,25,2023-06-17,2023-06-23,Jaffna,26
2023,25,2023-06-17,2023-06-23,Kilinochchi,3
2023,25,2023-06-17,2023-06-23,Mannar,3
2023,25,2023-06-17,2023-06-23,Vavuniya,3
2023,25,2023-06-17,2023-06-23,Mullaitivu,10
2023,25,2023-06-17,2023-06-23,Batticaloa,66
2023,25,2023-06-17,2023-06-23,Ampara,0
2023,25,2023-06-17,2023-06-23,Trincomalee,53
2023,25,2023-06-17,2023-06-23,Kurunegala,124
2023,25,2023-06-17,2023-06-23,Puttalam,39
2023,25,2023-06-17,2023-06-23,Anuradhapura,41
2023,25,2023-06-17,2023-06-23,Polonnaruwa,9
2023,25,2023-06-17,2023-06-23,Badulla,28
2023,25,2023-06-17,2023-06-23,Monaragala,17
2023,25,2023-06-17,2023-06-23,Ratnapura,94
2023,25,2023-06-17,2023-06-23,Kegalle,111
2023,25,2023-06-17,2023-06-23,Kalmune,22
2023,26,2023-06-24,2023-06-30,Colombo,342
2023,26,2023-06-24,2023-06-30,Gampaha,302
2023,26,2023-06-24,2023-06-30,Kalutara,129
2023,26,2023-06-24,2023-06-30,Kandy,242
2023,26,2023-06-24,2023-06-30,Matale,38
2023,26,2023-06-24,2023-06-30,NuwaraEliya,8
2023,26,2023-06-24,2023-06-30,Galle,94
2023,26,2023-06-24,2023-06-30,Hambantota,46
2023,26,2023-06-24,2023-06-30,Matara,40
2023,26,2023-06-24,2023-06-30,Jaffna,24
2023,26,2023-06-24,2023-06-30,Kilinochchi,4
2023,26,2023-06-24,2023-06-30,Mannar,2
2023,26,2023-06-24,2023-06-30,Vavuniya,1
2023,26,2023-06-24,2023-06-30,Mullaitivu,4
2023,26,2023-06-24,2023-06-30,Batticaloa,51
2023,26,2023-06-24,2023-06-30,Ampara,1
2023,26,2023-06-24,2023-06-30,Trincomalee,34
2023,26,2023-06-24,2023-06-30,Kurunegala,103
2023,26,2023-06-24,2023-06-30,Puttalam,35
2023,26,2023-06-24,2023-06-30,Anuradhapura,32
2023,26,2023-06-24,2023-06-30,Polonnaruwa,8
2023,26,2023-06-24,2023-06-30,Badulla,26
2023,26,2023-06-24,2023-06-30,Monaragala,17
2023,26,2023-06-24,2023-06-30,Ratnapura,64
2023,26,2023-06-24,2023-06-30,Kegalle,76
2023,26,2023-06-24,2023-06-30,Kalmune,15
2023,27,2023-07-01,2023-07-07,Colombo,360
2023,27,2023-07-01,2023-07-07,Gampaha,314
2023,27,2023-07-01,2023-07-07,Kalutara,99
2023,27,2023-07-01,2023-07-07,Kandy,285
2023,27,2023-07-01,2023-07-07,Matale,26
2023,27,2023-07-01,2023-07-07,NuwaraEliya,11
2023,27,2023-07-01,2023-07-07,Galle,73
2023,27,2023-07-01,2023-07-07,Hambantota,52
2023,27,2023-07-01,2023-07-07,Matara,69
2023,27,2023-07-01,2023-07-07,Jaffna,27
2023,27,2023-07-01,2023-07-07,Kilinochchi,3
2023,27,2023-07-01,2023-07-07,Mannar,0
2023,27,2023-07-01,2023-07-07,Vavuniya,0
2023,27,2023-07-01,2023-07-07,Mullaitivu,2
2023,27,2023-07-01,2023-07-07,Batticaloa,62
2023,27,2023-07-01,2023-07-07,Ampara,2
2023,27,2023-07-01,2023-07-07,Trincomalee,23
2023,27,2023-07-01,2023-07-07,Kurunegala,86
2023,27,2023-07-01,2023-07-07,Puttalam,35
2023,27,2023-07-01,2023-07-07,Anuradhapura,23
2023,27,2023-07-01,2023-07-07,Polonnaruwa,13
2023,27,2023-07-01,2023-07-07,Badulla,32
2023,27,2023-07-01,2023-07-07,Monaragala,18
2023,27,2023-07-01,2023-07-07,Ratnapura,69
2023,27,2023-07-01,2023-07-07,Kegalle,105
2023,27,2023-07-01,2023-07-07,Kalmune,17
2023,28,2023-07-08,2023-07-14,Colombo,304
2023,28,2023-07-08,2023-07-14,Gampaha,308
2023,28,2023-07-08,2023-07-14,Kalutara,128
2023,28,2023-07-08,2023-07-14,Kandy,262
2023,28,2023-07-08,2023-07-14,Matale,60
2023,28,2023-07-08,2023-07-14,NuwaraEliya,10
2023,28,2023-07-08,2023-07-14,Galle,92
2023,28,2023-07-08,2023-07-14,Hambantota,41
2023,28,2023-07-08,2023-07-14,Matara,62
2023,28,2023-07-08,2023-07-14,Jaffna,38
2023,28,2023-07-08,2023-07-14,Kilinochchi,0
2023,28,2023-07-08,2023-07-14,Mannar,0
2023,28,2023-07-08,2023-07-14,Vavuniya,1
2023,28,2023-07-08,2023-07-14,Mullaitivu,11
2023,28,2023-07-08,2023-07-14,Batticaloa,53
2023,28,2023-07-08,2023-07-14,Ampara,1
2023,28,2023-07-08,2023-07-14,Trincomalee,28
2023,28,2023-07-08,2023-07-14,Kurunegala,56
2023,28,2023-07-08,2023-07-14,Puttalam,27
2023,28,2023-07-08,2023-07-14,Anuradhapura,20
2023,28,2023-07-08,2023-07-14,Polonnaruwa,6
2023,28,2023-07-08,2023-07-14,Badulla,30
2023,28,2023-07-08,2023-07-14,Monaragala,27
2023,28,2023-07-08,2023-07-14,Ratnapura,43
2023,28,2023-07-08,2023-07-14,Kegalle,84
2023,28,2023-07-08,2023-07-14,Kalmune,19
2023,29,2023-07-15,2023-07-21,Colombo,335
2023,29,2023-07-15,2023-07-21,Gampaha,238
2023,29,2023-07-15,2023-07-21,Kalutara,84
2023,29,2023-07-15,2023-07-21,Kandy,233
2023,29,2023-07-15,2023-07-21,Matale,58
2023,29,2023-07-15,2023-07-21,NuwaraEliya,7
2023,29,2023-07-15,2023-07-21,Galle,83
2023,29,2023-07-15,2023-07-21,Hambantota,28
2023,29,2023-07-15,2023-07-21,Matara,74
2023,29,2023-07-15,2023-07-21,Jaffna,27
2023,29,2023-07-15,2023-07-21,Kilinochchi,2
2023,29,2023-07-15,2023-07-21,Mannar,1
2023,29,2023-07-15,2023-07-21,Vavuniya,2
2023,29,2023-07-15,2023-07-21,Mullaitivu,2
2023,29,2023-07-15,2023-07-21,Batticaloa,39
2023,29,2023-07-15,2023-07-21,Ampara,5
2023,29,2023-07-15,2023-07-21,Trincomalee,13
2023,29,2023-07-15,2023-07-21,Kurunegala,59
2023,29,2023-07-15,2023-07-21,Puttalam,27
2023,29,2023-07-15,2023-07-21,Anuradhapura,13
2023,29,2023-07-15,2023-07-21,Polonnaruwa,12
2023,29,2023-07-15,2023-07-21,Badulla,40
2023,29,2023-07-15,2023-07-21,Monaragala,12
2023,29,2023-07-15,2023-07-21,Ratnapura,48
2023,29,2023-07-15,2023-07-21,Kegalle,84
2023,29,2023-07-15,2023-07-21,Kalmune,19
2023,30,2023-07-22,2023-07-28,Colombo,312
2023,30,2023-07-22,2023-07-28,Gampaha,256
2023,30,2023-07-22,2023-07-28,Kalutara,95
2023,30,2023-07-22,2023-07-28,Kandy,253
2023,30,2023-07-22,2023-07-28,Matale,35
2023,30,2023-07-22,2023-07-28,NuwaraEliya,9
2023,30,2023-07-22,2023-07-28,Galle,87
2023,30,2023-07-22,2023-07-28,Hambantota,23
2023,30,2023-07-22,2023-07-28,Matara,41
2023,30,2023-07-22,2023-07-28,Jaffna,36
2023,30,2023-07-22,2023-07-28,Kilinochchi,5
2023,30,2023-07-22,2023-07-28,Mannar,3
2023,30,2023-07-22,2023-07-28,Vavuniya,5
2023,30,2023-07-22,2023-07-28,Mullaitivu,1
2023,30,2023-07-22,2023-07-28,Batticaloa,26
2023,30,2023-07-22,2023-07-28,Ampara,4
2023,30,2023-07-22,2023-07-28,Trincomalee,18
2023,30,2023-07-22,2023-07-28,Kurunegala,57
2023,30,2023-07-22,2023-07-28,Puttalam,33
2023,30,2023-07-22,2023-07-28,Anuradhapura,12
2023,30,2023-07-22,2023-07-28,Polonnaruwa,3
2023,30,2023-07-22,2023-07-28,Badulla,30
2023,30,2023-07-22,2023-07-28,Monaragala,12
2023,30,2023-07-22,2023-07-28,Ratnapura,53
2023,30,2023-07-22,2023-07-28,Kegalle,71
2023,30,2023-07-22,2023-07-28,Kalmune,20
2023,31,2023-07-29,2023-08-04,Colombo,282
2023,31,2023-07-29,2023-08-04,Gampaha,247
2023,31,2023-07-29,2023-08-04,Kalutara,80
2023,31,2023-07-29,2023-08-04,Kandy,272
2023,31,2023-07-29,2023-08-04,Matale,45
2023,31,2023-07-29,2023-08-04,NuwaraEliya,6
2023,31,2023-07-29,2023-08-04,Galle,73
2023,31,2023-07-29,2023-08-04,Hambantota,18
2023,31,2023-07-29,2023-08-04,Matara,51
2023,31,2023-07-29,2023-08-04,Jaffna,27
2023,31,2023-07-29,2023-08-04,Kilinochchi,1
2023,31,2023-07-29,2023-08-04,Mannar,0
2023,31,2023-07-29,2023-08-04,Vavuniya,5
2023,31,2023-07-29,2023-08-04,Mullaitivu,0
2023,31,2023-07-29,2023-08-04,Batticaloa,26
2023,31,2023-07-29,2023-08-04,Ampara,4
2023,31,2023-07-29,2023-08-04,Trincomalee,13
2023,31,2023-07-29,2023-08-04,Kurunegala,55
2023,31,2023-07-29,2023-08-04,Puttalam,20
2023,31,2023-07-29,2023-08-04,Anuradhapura,13
2023,31,2023-07-29,2023-08-04,Polonnaruwa,11
2023,31,2023-07-29,2023-08-04,Badulla,22
2023,31,2023-07-29,2023-08-04,Monaragala,12
2023,31,2023-07-29,2023-08-04,Ratnapura,51
2023,31,2023-07-29,2023-08-04,Kegalle,72
2023,31,2023-07-29,2023-08-04,Kalmune,11
2023,32,2023-08-05,2023-08-11,Colombo,275
2023,32,2023-08-05,2023-08-11,Gampaha,190
2023,32,2023-08-05,2023-08-11,Kalutara,98
2023,32,2023-08-05,2023-08-11,Kandy,325
2023,32,2023-08-05,2023-08-11,Matale,69
2023,32,2023-08-05,2023-08-11,NuwaraEliya,14
2023,32,2023-08-05,2023-08-11,Galle,111
2023,32,2023-08-05,2023-08-11,Hambantota,25
2023,32,2023-08-05,2023-08-11,Matara,55
2023,32,2023-08-05,2023-08-11,Jaffna,29
2023,32,2023-08-05,2023-08-11,Kilinochchi,1
2023,32,2023-08-05,2023-08-11,Mannar,0
2023,32,2023-08-05,2023-08-11,Vavuniya,4
2023,32,2023-08-05,2023-08-11,Mullaitivu,4
2023,32,2023-08-05,2023-08-11,Batticaloa,22
2023,32,2023-08-05,2023-08-11,Ampara,0
2023,32,2023-08-05,2023-08-11,Trincomalee,4
2023,32,2023-08-05,2023-08-11,Kurunegala,55
2023,32,2023-08-05,2023-08-11,Puttalam,34
2023,32,2023-08-05,2023-08-11,Anuradhapura,17
2023,32,2023-08-05,2023-08-11,Polonnaruwa,6
2023,32,2023-08-05,2023-08-11,Badulla,30
2023,32,2023-08-05,2023-08-11,Monaragala,12
2023,32,2023-08-05,2023-08-11,Ratnapura,63
2023,32,2023-08-05,2023-08-11,Kegalle,74
2023,32,2023-08-05,2023-08-11,Kalmune,20
2023,33,2023-08-12,2023-08-18,Colombo,185
2023,33,2023-08-12,2023-08-18,Gampaha,166
2023,33,2023-08-12,2023-08-18,Kalutara,87
2023,33,2023-08-12,2023-08-18,Kandy,221
2023,33,2023-08-12,2023-08-18,Matale,37
2023,33,2023-08-12,2023-08-18,NuwaraEliya,12
2023,33,2023-08-12,2023-08-18,Galle,89
2023,33,2023-08-12,2023-08-18,Hambantota,22
2023,33,2023-08-12,2023-08-18,Matara,45
2023,33,2023-08-12,2023-08-18,Jaffna,30
2023,33,2023-08-12,2023-08-18,Kilinochchi,1
2023,33,2023-08-12,2023-08-18,Mannar,0
2023,33,2023-08-12,2023-08-18,Vavuniya,0
2023,33,2023-08-12,2023-08-18,Mullaitivu,0
2023,33,2023-08-12,2023-08-18,Batticaloa,13
2023,33,2023-08-12,2023-08-18,Ampara,6
2023,33,2023-08-12,2023-08-18,Trincomalee,6
2023,33,2023-08-12,2023-08-18,Kurunegala,38
2023,33,2023-08-12,2023-08-18,Puttalam,18
2023,33,2023-08-12,2023-08-18,Anuradhapura,6
2023,33,2023-08-12,2023-08-18,Polonnaruwa,12
2023,33,2023-08-12,2023-08-18,Badulla,23
2023,33,2023-08-12,2023-08-18,Monaragala,27
2023,33,2023-08-12,2023-08-18,Ratnapura,38
2023,33,2023-08-12,2023-08-18,Kegalle,64
2023,33,2023-08-12,2023-08-18,Kalmune,20
2023,34,2023-08-19,2023-08-25,Colombo,139
2023,34,2023-08-19,2023-08-25,Gampaha,164
2023,34,2023-08-19,2023-08-25,Kalutara,102
2023,34,2023-08-19,2023-08-25,Kandy,257
2023,34,2023-08-19,2023-08-25,Matale,60
2023,34,2023-08-19,2023-08-25,NuwaraEliya,10
2023,34,2023-08-19,2023-08-25,Galle,98
2023,34,2023-08-19,2023-08-25,Hambantota,13
2023,34,2023-08-19,2023-08-25,Matara,56
2023,34,2023-08-19,2023-08-25,Jaffna,49
2023,34,2023-08-19,2023-08-25,Kilinochchi,0
2023,34,2023-08-19,2023-08-25,Mannar,1
2023,34,2023-08-19,2023-08-25,Vavuniya,2
2023,34,2023-08-19,2023-08-25,Mullaitivu,1
2023,34,2023-08-19,2023-08-25,Batticaloa,11
2023,34,2023-08-19,2023-08-25,Ampara,5
2023,34,2023-08-19,2023-08-25,Trincomalee,11
2023,34,2023-08-19,2023-08-25,Kurunegala,51
2023,34,2023-08-19,2023-08-25,Puttalam,15
2023,34,2023-08-19,2023-08-25,Anuradhapura,5
2023,34,2023-08-19,2023-08-25,Polonnaruwa,11
2023,34,2023-08-19,2023-08-25,Badulla,12
2023,34,2023-08-19,2023-08-25,Monaragala,44
2023,34,2023-08-19,2023-08-25,Ratnapura,37
2023,34,2023-08-19,2023-08-25,Kegalle,55
2023,34,2023-08-19,2023-08-25,Kalmune,10
2023,35,2023-08-26,2023-09-01,Colombo,127
2023,35,2023-08-26,2023-09-01,Gampaha,107
2023,35,2023-08-26,2023-09-01,Kalutara,72
2023,35,2023-08-26,2023-09-01,Kandy,167
2023,35,2023-08-26,2023-09-01,Matale,36
2023,35,2023-08-26,2023-09-01,NuwaraEliya,3
2023,35,2023-08-26,2023-09-01,Galle,48
2023,35,2023-08-26,2023-09-01,Hambantota,12
2023,35,2023-08-26,2023-09-01,Matara,26
2023,35,2023-08-26,2023-09-01,Jaffna,19
2023,35,2023-08-26,2023-09-01,Kilinochchi,0
2023,35,2023-08-26,2023-09-01,Mannar,0
2023,35,2023-08-26,2023-09-01,Vavuniya,11
2023,35,2023-08-26,2023-09-01,Mullaitivu,3
2023,35,2023-08-26,2023-09-01,Batticaloa,14
2023,35,2023-08-26,2023-09-01,Ampara,1
2023,35,2023-08-26,2023-09-01,Trincomalee,2
2023,35,2023-08-26,2023-09-01,Kurunegala,30
2023,35,2023-08-26,2023-09-01,Puttalam,23
2023,35,2023-08-26,2023-09-01,Anuradhapura,2
2023,35,2023-08-26,2023-09-01,Polonnaruwa,4
2023,35,2023-08-26,2023-09-01,Badulla,20
2023,35,2023-08-26,2023-09-01,Monaragala,28
2023,35,2023-08-26,2023-09-01,Ratnapura,42
2023,35,2023-08-26,2023-09-01,Kegalle,55
2023,35,2023-08-26,2023-09-01,Kalmune,7
2023,36,2023-09-02,2023-09-08,Colombo,84
2023,36,2023-09-02,2023-09-08,Gampaha,65
2023,36,2023-09-02,2023-09-08,Kalutara,70
2023,36,2023-09-02,2023-09-08,Kandy,201
2023,36,2023-09-02,2023-09-08,Matale,28
2023,36,2023-09-02,2023-09-08,NuwaraEliya,9
2023,36,2023-09-02,2023-09-08,Galle,64
2023,36,2023-09-02,2023-09-08,Hambantota,25
2023,36,2023-09-02,2023-09-08,Matara,17
2023,36,2023-09-02,2023-09-08,Jaffna,31
2023,36,2023-09-02,2023-09-08,Kilinochchi,0
2023,36,2023-09-02,2023-09-08,Mannar,1
2023,36,2023-09-02,2023-09-08,Vavuniya,1
2023,36,2023-09-02,2023-09-08,Mullaitivu,1
2023,36,2023-09-02,2023-09-08,Batticaloa,9
2023,36,2023-09-02,2023-09-08,Ampara,2
2023,36,2023-09-02,2023-09-08,Trincomalee,8
2023,36,2023-09-02,2023-09-08,Kurunegala,36
2023,36,2023-09-02,2023-09-08,Puttalam,19
2023,36,2023-09-02,2023-09-08,Anuradhapura,8
2023,36,2023-09-02,2023-09-08,Polonnaruwa,2
2023,36,2023-09-02,2023-09-08,Badulla,15
2023,36,2023-09-02,2023-09-08,Monaragala,28
2023,36,2023-09-02,2023-09-08,Ratnapura,50
2023,36,2023-09-02,2023-09-08,Kegalle,58
2023,36,2023-09-02,2023-09-08,Kalmune,6
2023,37,2023-09-09,2023-09-15,Colombo,90
2023,37,2023-09-09,2023-09-15,Gampaha,81
2023,37,2023-09-09,2023-09-15,Kalutara,57
2023,37,2023-09-09,2023-09-15,Kandy,125
2023,37,2023-09-09,2023-09-15,Matale,20
2023,37,2023-09-09,2023-09-15,NuwaraEliya,5
2023,37,2023-09-09,2023-09-15,Galle,56
2023,37,2023-09-09,2023-09-15,Hambantota,11
2023,37,2023-09-09,2023-09-15,Matara,33
2023,37,2023-09-09,2023-09-15,Jaffna,34
2023,37,2023-09-09,2023-09-15,Kilinochchi,0
2023,37,2023-09-09,2023-09-15,Mannar,2
2023,37,2023-09-09,2023-09-15,Vavuniya,3
2023,37,2023-09-09,2023-09-15,Mullaitivu,1
2023,37,2023-09-09,2023-09-15,Batticaloa,10
2023,37,2023-09-09,2023-09-15,Ampara,2
2023,37,2023-09-09,2023-09-15,Trincomalee,2
2023,37,2023-09-09,2023-09-15,Kurunegala,38
2023,37,2023-09-09,2023-09-15,Puttalam,8
2023,37,2023-09-09,2023-09-15,Anuradhapura,8
2023,37,2023-09-09,2023-09-15,Polonnaruwa,7
2023,37,2023-09-09,2023-09-15,Badulla,13
2023,37,2023-09-09,2023-09-15,Monaragala,10
2023,37,2023-09-09,2023-09-15,Ratnapura,27
2023,37,2023-09-09,2023-09-15,Kegalle,55
2023,37,2023-09-09,2023-09-15,Kalmune,4
2023,38,2023-09-16,2023-09-22,Colombo,73
2023,38,2023-09-16,2023-09-22,Gampaha,58
2023,38,2023-09-16,2023-09-22,Kalutara,58
2023,38,2023-09-16,2023-09-22,Kandy,132
2023,38,2023-09-16,2023-09-22,Matale,19
2023,38,2023-09-16,2023-09-22,NuwaraEliya,3
2023,38,2023-09-16,2023-09-22,Galle,49
2023,38,2023-09-16,2023-09-22,Hambantota,7
2023,38,2023-09-16,2023-09-22,Matara,35
2023,38,2023-09-16,2023-09-22,Jaffna,25
2023,38,2023-09-16,2023-09-22,Kilinochchi,3
2023,38,2023-09-16,2023-09-22,Mannar,1
2023,38,2023-09-16,2023-09-22,Vavuniya,3
2023,38,2023-09-16,2023-09-22,Mullaitivu,0
2023,38,2023-09-16,2023-09-22,Batticaloa,9
2023,38,2023-09-16,2023-09-22,Ampara,5
2023,38,2023-09-16,2023-09-22,Trincomalee,2
2023,38,2023-09-16,2023-09-22,Kurunegala,22
2023,38,2023-09-16,2023-09-22,Puttalam,13
2023,38,2023-09-16,2023-09-22,Anuradhapura,10
2023,38,2023-09-16,2023-09-22,Polonnaruwa,4
2023,38,2023-09-16,2023-09-22,Badulla,20
2023,38,2023-09-16,2023-09-22,Monaragala,10
2023,38,2023-09-16,2023-09-22,Ratnapura,23
2023,38,2023-09-16,2023-09-22,Kegalle,36
2023,38,2023-09-16,2023-09-22,Kalmune,4
2023,39,2023-09-23,2023-09-29,Colombo,62
2023,39,2023-09-23,2023-09-29,Gampaha,46
2023,39,2023-09-23,2023-09-29,Kalutara,34
2023,39,2023-09-23,2023-09-29,Kandy,120
2023,39,2023-09-23,2023-09-29,Matale,26
2023,39,2023-09-23,2023-09-29,NuwaraEliya,3
2023,39,2023-09-23,2023-09-29,Galle,45
2023,39,2023-09-23,2023-09-29,Hambantota,5
2023,39,2023-09-23,2023-09-29,Matara,21
2023,39,2023-09-23,2023-09-29,Jaffna,26
2023,39,2023-09-23,2023-09-29,Kilinochchi,0
2023,39,2023-09-23,2023-09-29,Mannar,1
2023,39,2023-09-23,2023-09-29,Vavuniya,4
2023,39,2023-09-23,2023-09-29,Mullaitivu,1
2023,39,2023-09-23,2023-09-29,Batticaloa,10
2023,39,2023-09-23,2023-09-29,Ampara,5
2023,39,2023-09-23,2023-09-29,Trincomalee,3
2023,39,2023-09-23,2023-09-29,Kurunegala,16
2023,39,2023-09-23,2023-09-29,Puttalam,4
2023,39,2023-09-23,2023-09-29,Anuradhapura,4
2023,39,2023-09-23,2023-09-29,Polonnaruwa,1
2023,39,2023-09-23,2023-09-29,Badulla,9
2023,39,2023-09-23,2023-09-29,Monaragala,6
2023,39,2023-09-23,2023-09-29,Ratnapura,14
2023,39,2023-09-23,2023-09-29,Kegalle,14
2023,39,2023-09-23,2023-09-29,Kalmune,9
2023,40,2023-09-30,2023-10-06,Colombo,111
2023,40,2023-09-30,2023-10-06,Gampaha,108
2023,40,2023-09-30,2023-10-06,Kalutara,44
2023,40,2023-09-30,2023-10-06,Kandy,124
2023,40,2023-09-30,2023-10-06,Matale,25
2023,40,2023-09-30,2023-10-06,NuwaraEliya,6
2023,40,2023-09-30,2023-10-06,Galle,53
2023,40,2023-09-30,2023-10-06,Hambantota,17
2023,40,2023-09-30,2023-10-06,Matara,20
2023,40,2023-09-30,2023-10-06,Jaffna,50
2023,40,2023-09-30,2023-10-06,Kilinochchi,0
2023,40,2023-09-30,2023-10-06,Mannar,0
2023,40,2023-09-30,2023-10-06,Vavuniya,1
2023,40,2023-09-30,2023-10-06,Mullaitivu,0
2023,40,2023-09-30,2023-10-06,Batticaloa,12
2023,40,2023-09-30,2023-10-06,Ampara,5
2023,40,2023-09-30,2023-10-06,Trincomalee,8
2023,40,2023-09-30,2023-10-06,Kurunegala,43
2023,40,2023-09-30,2023-10-06,Puttalam,5
2023,40,2023-09-30,2023-10-06,Anuradhapura,7
2023,40,2023-09-30,2023-10-06,Polonnaruwa,3
2023,40,2023-09-30,2023-10-06,Badulla,25
2023,40,2023-09-30,2023-10-06,Monaragala,9
2023,40,2023-09-30,2023-10-06,Ratnapura,24
2023,40,2023-09-30,2023-10-06,Kegalle,24
2023,40,2023-09-30,2023-10-06,Kalmune,6
2023,41,2023-10-07,2023-10-13,Colombo,103
2023,41,2023-10-07,2023-10-13,Gampaha,90
2023,41,2023-10-07,2023-10-13,Kalutara,193
2023,41,2023-10-07,2023-10-13,Kandy,139
2023,41,2023-10-07,2023-10-13,Matale,30
2023,41,2023-10-07,2023-10-13,NuwaraEliya,5
2023,41,2023-10-07,2023-10-13,Galle,68
2023,41,2023-10-07,2023-10-13,Hambantota,8
2023,41,2023-10-07,2023-10-13,Matara,36
2023,41,2023-10-07,2023-10-13,Jaffna,22
2023,41,2023-10-07,2023-10-13,Kilinochchi,0
2023,41,2023-10-07,2023-10-13,Mannar,2
2023,41,2023-10-07,2023-10-13,Vavuniya,3
2023,41,2023-10-07,2023-10-13,Mullaitivu,3
2023,41,2023-10-07,2023-10-13,Batticaloa,7
2023,41,2023-10-07,2023-10-13,Ampara,2
2023,41,2023-10-07,2023-10-13,Trincomalee,6
2023,41,2023-10-07,2023-10-13,Kurunegala,24
2023,41,2023-10-07,2023-10-13,Puttalam,10
2023,41,2023-10-07,2023-10-13,Anuradhapura,3
2023,41,2023-10-07,2023-10-13,Polonnaruwa,5
2023,41,2023-10-07,2023-10-13,Badulla,26
2023,41,2023-10-07,2023-10-13,Monaragala,13
2023,41,2023-10-07,2023-10-13,Ratnapura,27
2023,41,2023-10-07,2023-10-13,Kegalle,33
2023,41,2023-10-07,2023-10-13,Kalmune,4
2023,42,2023-10-14,2023-10-20,Colombo,146
2023,42,2023-10-14,2023-10-20,Gampaha,110
2023,42,2023-10-14,2023-10-20,Kalutara,47
2023,42,2023-10-14,2023-10-20,Kandy,137
2023,42,2023-10-14,2023-10-20,Matale,41
2023,42,2023-10-14,2023-10-20,NuwaraEliya,4
2023,42,2023-10-14,2023-10-20,Galle,45
2023,42,2023-10-14,2023-10-20,Hambantota,5
2023,42,2023-10-14,2023-10-20,Matara,32
2023,42,2023-10-14,2023-10-20,Jaffna,26
2023,42,2023-10-14,2023-10-20,Kilinochchi,2
2023,42,2023-10-14,2023-10-20,Mannar,1
2023,42,2023-10-14,2023-10-20,Vavuniya,4
2023,42,2023-10-14,2023-10-20,Mullaitivu,2
2023,42,2023-10-14,2023-10-20,Batticaloa,8
2023,42,2023-10-14,2023-10-20,Ampara,4
2023,42,2023-10-14,2023-10-20,Trincomalee,5
2023,42,2023-10-14,2023-10-20,Kurunegala,7
2023,42,2023-10-14,2023-10-20,Puttalam,54
2023,42,2023-10-14,2023-10-20,Anuradhapura,15
2023,42,2023-10-14,2023-10-20,Polonnaruwa,4
2023,42,2023-10-14,2023-10-20,Badulla,3
2023,42,2023-10-14,2023-10-20,Monaragala,34
2023,42,2023-10-14,2023-10-20,Ratnapura,12
2023,42,2023-10-14,2023-10-20,Kegalle,11
2023,42,2023-10-14,2023-10-20,Kalmune,36
2023,43,2023-10-21,2023-10-27,Colombo,167
2023,43,2023-10-21,2023-10-27,Gampaha,178
2023,43,2023-10-21,2023-10-27,Kalutara,345
2023,43,2023-10-21,2023-10-27,Kandy,185
2023,43,2023-10-21,2023-10-27,Matale,61
2023,43,2023-10-21,2023-10-27,NuwaraEliya,2
2023,43,2023-10-21,2023-10-27,Galle,81
2023,43,2023-10-21,2023-10-27,Hambantota,7
2023,43,2023-10-21,2023-10-27,Matara,19
2023,43,2023-10-21,2023-10-27,Jaffna,24
2023,43,2023-10-21,2023-10-27,Kilinochchi,3
2023,43,2023-10-21,2023-10-27,Mannar,3
2023,43,2023-10-21,2023-10-27,Vavuniya,4
2023,43,2023-10-21,2023-10-27,Mullaitivu,2
2023,43,2023-10-21,2023-10-27,Batticaloa,16
2023,43,2023-10-21,2023-10-27,Ampara,6
2023,43,2023-10-21,2023-10-27,Trincomalee,8
2023,43,2023-10-21,2023-10-27,Kurunegala,1
2023,43,2023-10-21,2023-10-27,Puttalam,74
2023,43,2023-10-21,2023-10-27,Anuradhapura,27
2023,43,2023-10-21,2023-10-27,Polonnaruwa,8
2023,43,2023-10-21,2023-10-27,Badulla,3
2023,43,2023-10-21,2023-10-27,Monaragala,41
2023,43,2023-10-21,2023-10-27,Ratnapura,11
2023,43,2023-10-21,2023-10-27,Kegalle,19
2023,43,2023-10-21,2023-10-27,Kalmune,48
2023,44,2023-10-28,2023-11-03,Colombo,210
2023,44,2023-10-28,2023-11-03,Gampaha,163
2023,44,2023-10-28,2023-11-03,Kalutara,52
2023,44,2023-10-28,2023-11-03,Kandy,254
2023,44,2023-10-28,2023-11-03,Matale,60
2023,44,2023-10-28,2023-11-03,NuwaraEliya,15
2023,44,2023-10-28,2023-11-03,Galle,83
2023,44,2023-10-28,2023-11-03,Hambantota,13
2023,44,2023-10-28,2023-11-03,Matara,47
2023,44,2023-10-28,2023-11-03,Jaffna,35
2023,44,2023-10-28,2023-11-03,Kilinochchi,1
2023,44,2023-10-28,2023-11-03,Mannar,3
2023,44,2023-10-28,2023-11-03,Vavuniya,4
2023,44,2023-10-28,2023-11-03,Mullaitivu,1
2023,44,2023-10-28,2023-11-03,Batticaloa,28
2023,44,2023-10-28,2023-11-03,Ampara,6
2023,44,2023-10-28,2023-11-03,Trincomalee,14
2023,44,2023-10-28,2023-11-03,Kurunegala,2
2023,44,2023-10-28,2023-11-03,Puttalam,84
2023,44,2023-10-28,2023-11-03,Anuradhapura,46
2023,44,2023-10-28,2023-11-03,Polonnaruwa,8
2023,44,2023-10-28,2023-11-03,Badulla,15
2023,44,2023-10-28,2023-11-03,Monaragala,40
2023,44,2023-10-28,2023-11-03,Ratnapura,13
2023,44,2023-10-28,2023-11-03,Kegalle,30
2023,44,2023-10-28,2023-11-03,Kalmune,64
2023,45,2023-11-04,2023-11-10,Colombo,150
2023,45,2023-11-04,2023-11-10,Gampaha,21
2023,45,2023-11-04,2023-11-10,Kalutara,35
2023,45,2023-11-04,2023-11-10,Kandy,22
2023,45,2023-11-04,2023-11-10,Matale,13
2023,45,2023-11-04,2023-11-10,NuwaraEliya,2
2023,45,2023-11-04,2023-11-10,Galle,4
2023,45,2023-11-04,2023-11-10,Hambantota,3
2023,45,2023-11-04,2023-11-10,Matara,3
2023,45,2023-11-04,2023-11-10,Jaffna,49
2023,45,2023-11-04,2023-11-10,Kilinochchi,1
2023,45,2023-11-04,2023-11-10,Mannar,4
2023,45,2023-11-04,2023-11-10,Vavuniya,4
2023,45,2023-11-04,2023-11-10,Mullaitivu,0
2023,45,2023-11-04,2023-11-10,Batticaloa,15
2023,45,2023-11-04,2023-11-10,Ampara,1
2023,45,2023-11-04,2023-11-10,Trincomalee,1
2023,45,2023-11-04,2023-11-10,Kurunegala,1
2023,45,2023-11-04,2023-11-10,Puttalam,14
2023,45,2023-11-04,2023-11-10,Anuradhapura,2
2023,45,2023-11-04,2023-11-10,Polonnaruwa,7
2023,45,2023-11-04,2023-11-10,Badulla,0
2023,45,2023-11-04,2023-11-10,Monaragala,2
2023,45,2023-11-04,2023-11-10,Ratnapura,7
2023,45,2023-11-04,2023-11-10,Kegalle,4
2023,45,2023-11-04,2023-11-10,Kalmune,20
2023,46,2023-11-11,2023-11-17,Colombo,193
2023,46,2023-11-11,2023-11-17,Gampaha,38
2023,46,2023-11-11,2023-11-17,Kalutara,0
2023,46,2023-11-11,2023-11-17,Kandy,0
2023,46,2023-11-11,2023-11-17,Matale,26
2023,46,2023-11-11,2023-11-17,NuwaraEliya,13
2023,46,2023-11-11,2023-11-17,Galle,83
2023,46,2023-11-11,2023-11-17,Hambantota,7
2023,46,2023-11-11,2023-11-17,Matara,10
2023,46,2023-11-11,2023-11-17,Jaffna,100
2023,46,2023-11-11,2023-11-17,Kilinochchi,2
2023,46,2023-11-11,2023-11-17,Mannar,3
2023,46,2023-11-11,2023-11-17,Vavuniya,3
2023,46,2023-11-11,2023-11-17,Mullaitivu,0
2023,46,2023-11-11,2023-11-17,Batticaloa,13
2023,46,2023-11-11,2023-11-17,Ampara,4
2023,46,2023-11-11,2023-11-17,Trincomalee,6
2023,46,2023-11-11,2023-11-17,Kurunegala,48
2023,46,2023-11-11,2023-11-17,Puttalam,31
2023,46,2023-11-11,2023-11-17,Anuradhapura,5
2023,46,2023-11-11,2023-11-17,Polonnaruwa,8
2023,46,2023-11-11,2023-11-17,Badulla,30
2023,46,2023-11-11,2023-11-17,Monaragala,2
2023,46,2023-11-11,2023-11-17,Ratnapura,17
2023,46,2023-11-11,2023-11-17,Kegalle,14
2023,46,2023-11-11,2023-11-17,Kalmune,2
2023,47,2023-11-18,2023-11-24,Colombo,155
2023,47,2023-11-18,2023-11-24,Gampaha,32
2023,47,2023-11-18,2023-11-24,Kalutara,1
2023,47,2023-11-18,2023-11-24,Kandy,33
2023,47,2023-11-18,2023-11-24,Matale,38
2023,47,2023-11-18,2023-11-24,NuwaraEliya,17
2023,47,2023-11-18,2023-11-24,Galle,89
2023,47,2023-11-18,2023-11-24,Hambantota,7
2023,47,2023-11-18,2023-11-24,Matara,4
2023,47,2023-11-18,2023-11-24,Jaffna,141
2023,47,2023-11-18,2023-11-24,Kilinochchi,7
2023,47,2023-11-18,2023-11-24,Mannar,1
2023,47,2023-11-18,2023-11-24,Vavuniya,4
2023,47,2023-11-18,2023-11-24,Mullaitivu,0
2023,47,2023-11-18,2023-11-24,Batticaloa,22
2023,47,2023-11-18,2023-11-24,Ampara,3
2023,47,2023-11-18,2023-11-24,Trincomalee,5
2023,47,2023-11-18,2023-11-24,Kurunegala,50
2023,47,2023-11-18,2023-11-24,Puttalam,28
2023,47,2023-11-18,2023-11-24,Anuradhapura,0
2023,47,2023-11-18,2023-11-24,Polonnaruwa,13
2023,47,2023-11-18,2023-11-24,Badulla,48
2023,47,2023-11-18,2023-11-24,Monaragala,1
2023,47,2023-11-18,2023-11-24,Ratnapura,22
2023,47,2023-11-18,2023-11-24,Kegalle,5
2023,47,2023-11-18,2023-11-24,Kalmune,1
2023,48,2023-11-25,2023-12-01,Colombo,341
2023,48,2023-11-25,2023-12-01,Gampaha,92
2023,48,2023-11-25,2023-12-01,Kalutara,34
2023,48,2023-11-25,2023-12-01,Kandy,175
2023,48,2023-11-25,2023-12-01,Matale,94
2023,48,2023-11-25,2023-12-01,NuwaraEliya,16
2023,48,2023-11-25,2023-12-01,Galle,121
2023,48,2023-11-25,2023-12-01,Hambantota,42
2023,48,2023-11-25,2023-12-01,Matara,28
2023,48,2023-11-25,2023-12-01,Jaffna,196
2023,48,2023-11-25,2023-12-01,Kilinochchi,5
2023,48,2023-11-25,2023-12-01,Mannar,7
2023,48,2023-11-25,2023-12-01,Vavuniya,4
2023,48,2023-11-25,2023-12-01,Mullaitivu,3
2023,48,2023-11-25,2023-12-01,Batticaloa,55
2023,48,2023-11-25,2023-12-01,Ampara,13
2023,48,2023-11-25,2023-12-01,Trincomalee,21
2023,48,2023-11-25,2023-12-01,Kurunegala,131
2023,48,2023-11-25,2023-12-01,Puttalam,102
2023,48,2023-11-25,2023-12-01,Anuradhapura,13
2023,48,2023-11-25,2023-12-01,Polonnaruwa,10
2023,48,2023-11-25,2023-12-01,Badulla,43
2023,48,2023-11-25,2023-12-01,Monaragala,22
2023,48,2023-11-25,2023-12-01,Ratnapura,155
2023,48,2023-11-25,2023-12-01,Kegalle,96
2023,48,2023-11-25,2023-12-01,Kalmune,9
2023,49,2023-12-02,2023-12-08,Colombo,450
2023,49,2023-12-02,2023-12-08,Gampaha,192
2023,49,2023-12-02,2023-12-08,Kalutara,85
2023,49,2023-12-02,2023-12-08,Kandy,469
2023,49,2023-12-02,2023-12-08,Matale,61
2023,49,2023-12-02,2023-12-08,NuwaraEliya,26
2023,49,2023-12-02,2023-12-08,Galle,154
2023,49,2023-12-02,2023-12-08,Hambantota,55
2023,49,2023-12-02,2023-12-08,Matara,37
2023,49,2023-12-02,2023-12-08,Jaffna,311
2023,49,2023-12-02,2023-12-08,Kilinochchi,9
2023,49,2023-12-02,2023-12-08,Mannar,9
2023,49,2023-12-02,2023-12-08,Vavuniya,1
2023,49,2023-12-02,2023-12-08,Mullaitivu,1
2023,49,2023-12-02,2023-12-08,Batticaloa,89
2023,49,2023-12-02,2023-12-08,Ampara,2
2023,49,2023-12-02,2023-12-08,Trincomalee,20
2023,49,2023-12-02,2023-12-08,Kurunegala,159
2023,49,2023-12-02,2023-12-08,Puttalam,89
2023,49,2023-12-02,2023-12-08,Anuradhapura,39
2023,49,2023-12-02,2023-12-08,Polonnaruwa,20
2023,49,2023-12-02,2023-12-08,Badulla,174
2023,49,2023-12-02,2023-12-08,Monaragala,46
2023,49,2023-12-02,2023-12-08,Ratnapura,50
2023,49,2023-12-02,2023-12-08,Kegalle,111
2023,49,2023-12-02,2023-12-08,Kalmune,30
2023,50,2023-12-09,2023-12-15,Colombo,409
2023,50,2023-12-09,2023-12-15,Gampaha,130
2023,50,2023-12-09,2023-12-15,Kalutara,104
2023,50,2023-12-09,2023-12-15,Kandy,353
2023,50,2023-12-09,2023-12-15,Matale,74
2023,50,2023-12-09,2023-12-15,NuwaraEliya,25
2023,50,2023-12-09,2023-12-15,Galle,113
2023,50,2023-12-09,2023-12-15,Hambantota,43
2023,50,2023-12-09,2023-12-15,Matara,38
2023,50,2023-12-09,2023-12-15,Jaffna,423
2023,50,2023-12-09,2023-12-15,Kilinochchi,11
2023,50,2023-12-09,2023-12-15,Mannar,14
2023,50,2023-12-09,2023-12-15,Vavuniya,5
2023,50,2023-12-09,2023-12-15,Mullaitivu,4
2023,50,2023-12-09,2023-12-15,Batticaloa,95
2023,50,2023-12-09,2023-12-15,Ampara,6
2023,50,2023-12-09,2023-12-15,Trincomalee,21
2023,50,2023-12-09,2023-12-15,Kurunegala,155
2023,50,2023-12-09,2023-12-15,Puttalam,107
2023,50,2023-12-09,2023-12-15,Anuradhapura,30
2023,50,2023-12-09,2023-12-15,Polonnaruwa,16
2023,50,2023-12-09,2023-12-15,Badulla,178
2023,50,2023-12-09,2023-12-15,Monaragala,30
2023,50,2023-12-09,2023-12-15,Ratnapura,106
2023,50,2023-12-09,2023-12-15,Kegalle,63
2023,50,2023-12-09,2023-12-15,Kalmune,34
2023,51,2023-12-16,2023-12-22,Colombo,476
2023,51,2023-12-16,2023-12-22,Gampaha,217
2023,51,2023-12-16,2023-12-22,Kalutara,693
2023,51,2023-12-16,2023-12-22,Kandy,418
2023,51,2023-12-16,2023-12-22,Matale,101
2023,51,2023-12-16,2023-12-22,NuwaraEliya,36
2023,51,2023-12-16,2023-12-22,Galle,126
2023,51,2023-12-16,2023-12-22,Hambantota,72
2023,51,2023-12-16,2023-12-22,Matara,36
2023,51,2023-12-16,2023-12-22,Jaffna,706
2023,51,2023-12-16,2023-12-22,Kilinochchi,20
2023,51,2023-12-16,2023-12-22,Mannar,17
2023,51,2023-12-16,2023-12-22,Vavuniya,22
2023,51,2023-12-16,2023-12-22,Mullaitivu,13
2023,51,2023-12-16,2023-12-22,Batticaloa,88
2023,51,2023-12-16,2023-12-22,Ampara,14
2023,51,2023-12-16,2023-12-22,Trincomalee,28
2023,51,2023-12-16,2023-12-22,Kurunegala,172
2023,51,2023-12-16,2023-12-22,Puttalam,96
2023,51,2023-12-16,2023-12-22,Anuradhapura,22
2023,51,2023-12-16,2023-12-22,Polonnaruwa,33
2023,51,2023-12-16,2023-12-22,Badulla,16
2023,51,2023-12-16,2023-12-22,Monaragala,172
2023,51,2023-12-16,2023-12-22,Ratnapura,44
2023,51,2023-12-16,2023-12-22,Kegalle,90
2023,51,2023-12-16,2023-12-22,Kalmune,101
